show_id,type,title,director,cast,country,date_added,release_year,rating,duration,listed_in,description,month_added,year_added
s1,movie,The Grand Seduction,Don McKellar,"Brendan Gleeson, Taylor Kitsch, Gordon Pinsent",canada,2021-03-30,2014,desconocido,113 min,"comedy, drama","A small fishing village must procure a local doctor to secure a lucrative business contract. When unlikely candidate and big city doctor Paul Lewis lands in their lap for a trial residence, the townsfolk rally together to charm him into staying. As the doctor's time in the village winds to a close, acting mayor Murray French has no choice but to pull out all the stops.",3,2021
s2,movie,Take Care Good Night,Girish Joshi,"Mahesh Manjrekar, Abhay Mahajan, Sachin Khedekar",india,2021-03-30,2018,13+,110 min,"drama, international",A Metro Family decides to fight a Cyber Criminal threatening their stability and pride.,3,2021
s3,movie,Secrets of Deception,Josh Webber,"Tom Sizemore, Lorenzo Lamas, Robert LaSardo, Richard Jones, Yancey Arias, Noel Gugliemi",united states,2021-03-30,2017,desconocido,74 min,"action, drama, suspense",After a man discovers his wife is cheating on him with a neighborhood kid he goes down a furious path of self-destruction,3,2021
s4,movie,Pink: Staying True,Sonia Anderson,"Interviews with: Pink, Adele, Beyoncé, Britney Spears, Christina Aguilera, more!",united states,2021-03-30,2014,desconocido,69 min,documentary,"Pink breaks the mold once again, bringing her career to a new level in 2013 with a world tour that entertains unlike ever before! Get inside access to ""the girl who got the party started"" with exclusive interviews and rare live performances.",3,2021
s5,movie,Monster Maker,Giles Foster,"Harry Dean Stanton, Kieran O'Brien, George Costigan, Amanda Dickinson, Alison Steadman, Grant Bardsley, Bill Moody, Matthew Scurfield",united kingdom,2021-03-30,1989,desconocido,45 min,"drama, fantasy","Teenage Matt Banting wants to work with a famous but eccentric creature/special effects man named Chancey Bellows. He gets more than he bargained for when one of the creatures, the giant dragon-like Ultragorgon, takes Matt under his wing. Matt is forced to confront his inner monsters while working out his issues with his father.",3,2021
s6,movie,Living With Dinosaurs,Paul Weiland,"Gregory Chisholm, Juliet Stevenson, Brian Henson, Michael Maloney",united kingdom,2021-03-30,1989,desconocido,52 min,"fantasy, kids","The story unfolds in a an English seaside town, where Dom, an only child, faces the imminent arrival of a new sibling, and subsequently diminished attention from his mother. A stuffed toy dinosaur named Dog is Dom's only confidant – Dom relies on his friend heavily for support as he confronts his problems, accepts the changes in his life, and understands the love he has for his parents.",3,2021
s7,movie,Hired Gun,Fran Strine,"Alice Cooper, Liberty DeVitto, Ray Parker Jr., David Foster, Jason Hook, Steve Vai, Phil X, Rudy Sarzo, Jay Graydon, Rob Zombie, Kenny Aronoff, Steve Lukather, Justin Derrico, Eva Gardner, John 5, Eric Singer, Derek St. Holmes, Paul Bushnell, Jason Newsted, Glen Sobel, Nita Strauss, Chris Johnson",united states,2021-03-30,2017,desconocido,98 min,"documentary, special interest","They are the ""First Call, A-list"" musicians, just 20 feet from stardom, yet rarely receive credit for their work. The 'hired gun' community lives and breathes music, and for the first time, share their incredible stories detailing the highs and lows of touring life, the demands of session schedules, and the dedication required to play next to some of the world's most iconic musicians.",3,2021
s8,movie,Grease Live!,"Thomas Kail, Alex Rudzinski","Julianne Hough, Aaron Tveit, Vanessa Hudgens, Keke Palmer, Carly Rae Jepson, Mario Lopez, Carlos PenaVega, Kether Donohue, Jordan Fisher, David Del Rio, Andrew Call, Wendell Pierce, Boyz II Men, Jessie J, Ana Gasteyer, Didi Conn",united states,2021-03-30,2016,desconocido,131 min,comedy,"This honest, uncompromising comedy chronicles the war stories and sexual misadventures of a tight circle of lovers and friends fighting to get their acts together, for better or worse.",3,2021
s9,movie,Global Meltdown,Daniel Gilboy,"Michael Paré, Leanne Khol Young, Patrick J. MacEachern",canada,2021-03-30,2017,desconocido,87 min,"action, science fiction, suspense",A helicopter pilot and an environmental scientist lead a exodus of survivors in a search for a safe haven after a catastrophic tectonic event causes the crust of the earth to break apart.,3,2021
s10,movie,David's Mother,Robert Allan Ackerman,"Kirstie Alley, Sam Waterston, Stockard Channing",united states,2021-04-01,1994,desconocido,92 min,drama,"Sally Goodson is a devoted mother to her autistic son David. Abandoned by her husband, Sally has managed to keep her son out of ""the System"", until a social worker comes along.",4,2021
s11,movie,Forest Fairies,Justin G. Dyck,"Emily Wilder, Adrian Cowan, Gary Mckenzie, Jeremy Ninaber, Brenda Somers, Brian Carleton, Lora Burke, Winny Clarke, Mercedes Morris, Rebecca Perry, Emily Agard, Graham Gauthier",canada,2021-04-04,2016,desconocido,88 min,"adventure, kids",Amanda stumbles upon a hidden village of fairies in the forest. They help her thwart a scheming land developer's plan to trick her mother into selling the family inn.,4,2021
s12,movie,Take Care,Liz Tuccillo,"Leslie Bibb, Kevin Curtis, Nadia Dajani",united states,2021-04-10,2014,desconocido,93 min,comedy,"When a car crash leaves Frannie immobilized, she is brushed off by everyone she can count on. With nowhere else to turn, Frannie reluctantly calls her ex, Devon, for help. It isn't long before old wounds emerge and are made worse when Devon's crazy new girlfriend shows up.",4,2021
s13,movie,The Night Eats The World,Dominique Rocher,"Anders Danielsen Lie, Golshifteh Farahani, Denis Lavant, Sigrid Bouaziz, David Kammenos",france,2021-04-17,2018,desconocido,94 min,"horror, suspense","After waking up in an apartment the night after a raging party, Sam comes face to face with his new reality, an army of zombies have invaded the streets of Paris and he is the lone survivor. Petrified with fear, he barricades himself inside the building to survive. He wonders how long can he last in silence and solitude, and the answer comes when he learns that he's not all alone after all.",4,2021
s14,movie,Resilencia,Jep Barcelona,"Rafinha Alcantara, Marc-André Ter Stegen, Sergi Roberto, Dr. Ramón Cugat, Mazinho, Xavi Arruebo, Celia Ferreira Da Silva, Ángel Lapuebla, Javier Enríquez, Thiago Alcantara, Valeria Alcantara",spain,2021-04-24,2020,desconocido,46 min,"documentary, sports","The documentary follows the midfielder’s everyday life for six months. It’s a sincere portrayal by Rafinha himself, who opened his home for the cameras to film every moment, even allowing them into the operating room.",4,2021
s15,movie,Elon Musk: The Real Life Iron Man,Sonia Anderson,"Elon Musk, Per Wimmer, Julie Anderson-Ankenbrandt, Cary Cooper",united kingdom,2021-05-02,2018,desconocido,74 min,documentary,"Discover the meteoric rise of Elon Musk, the man who is transforming the way we think about travel technology through electric cars, the Hyperloop, and revolutionary ideas on how we live through artificial intelligence and colonizing Mars.",5,2021
s16,movie,Summer '03,Becca Gleason,"Joey King, Jack Kilmer, Andrea Savage, Paul Scheer, June Squibb, Erin Darke, Stephen Ruffin, Kelly Lamor Wilson, Logan Medina, Travis James, Bill Eudaly, Elise DuQuette",united states,2021-06-03,2019,desconocido,96 min,"comedy, drama","Summer '03 is the hilarious story of 16-year-old Jamie and her family, who are shocked after her calculating grandmother unveils an array of family secrets on her deathbed, one involving religion, the other of a more personal nature. Jamie is left to navigate her own love life and her closest friendships in the midst of this family crisis, and one of the most memorable summers of her life.",6,2021
s554,tv show,The Lucy Show,Desconocido,"Lucille Ball, Vivian Vance, Gale Gordon, Jimmy Garrett",desconocido,2021-03-30,1967,13+,3 Seasons,comedy,"After her husband's death, Lucy Carmichael, and her recently divorced best friend, Vivian Bagley, move into a house together with their children. Now on her own, the widow Lucy she grapples with the comical complications of life, with her income being controlled by a grumpy banker named Mr. Mooney.",3,2021
s1090,tv show,Scaredy Squirrel,Desconocido,"Terry McGurrin, Jonathan Gould, Pat McKenna, Linda Kash, Jayne Eastwood, David Berni, Jamie Watson, Dwayne Hill",desconocido,2021-03-30,2012,tv-g,4 Seasons,"animation, kids","Based on a series of children's books written by Mélanie Watt, this animated series features Scaredy, a creative, offbeat squirrel who is learning to be comfortable in his own fur. Scaredy tackles every challenge that is thrown at him with his trademark dorkiness, but he has a self-confidence that makes him cool.",3,2021
s1443,tv show,Oddbods,Desconocido,Desconocido,desconocido,2021-03-30,2020,all,2 Seasons,"animation, comedy, kids",Oddbods is an award winning animated series that follows the comedic adventures of seven adorable yet quirky characters. Every episode celebrates the 'odd' in everything where seemingly ordinary situations are given a humorous twist and everyone has fun along the way.,3,2021
s2097,tv show,Inspector Manara (English Subtitled),Desconocido,"Guido Caprino, Roberta Giarrusso, Anna Safroncik, Augusto Fornari, Lucia Ocone, Jane Alexander, Valeria Valeri",desconocido,2021-03-30,2011,tv-nr,2 Seasons,"international, suspense","In Italian with English subtitles. In season 2, Inspector Manara learns to work without his colleague Lara, who is sent off for intelligence training. She's replaced by Inspector Marta Rivera, who hides a mystery Manara can't get a handle on.",3,2021
s2889,tv show,Chacha Vidhayak Hain Humare,Desconocido,"Zakir Khan, Vyom Sharma, Kumar Varun, Zakir Hussain, Alka Amin, Abimanyu Singh, Sunny Hinduja, Pritha Bakshi, Venus, Onima Kashyap, Shashi Varma, Susheel Bothiyal, Rahul Subramaniam",desconocido,2021-03-30,2021,13+,2 Seasons,"comedy, drama","Ronny's lie of working for his 'Chacha', the MLA has come true. He now sets his sights on fighting the Parshad (Councilor) Election. However, when Chachaji makes it clear that the ticket will stay with the present Parshad, Ronny spins a new lie. But a formidable new rival threatens his dreams.",3,2021
s3574,tv show,Yukon Gold,Desconocido,"Bill Courage, Guillaume Brodeur, Ken Foy",desconocido,2021-04-01,2017,tv-pg,4 Seasons,unscripted,"Season 5 kicks off with a bang for Chris and Nika, but Big Al has a devastating setback and two new camps battle weather and tough mountain roads.",4,2021
s3653,tv show,Amazon Riders,Desconocido,"Mitsutoshi Shundo (Makoto Shido), Ayana Shiramoto (Iyu), Eiji Akaso (Hiroki Nagase), Kairi Miura (Takumi Yamashita), Takako Kato (Reika Mizusawa), Kanon Miyahara (Takai Nozomi), Katsuya (Misaki Kazuya), Toshimasa Komatsu (Kano Shogo), Rena Takeda(Mizusawa Mizuki), Takashi Fujiki (Tenjo Takaaki), Jun Yamasaki (Hoshino Hajime), Kazuya Tanabe (Kota Fukuda), Ayu Higashi (Nanaha Izumi), Yu Kamio (Tachibana Yuugo), Ryota Kobayashi (Mamoru), Yoshito Momiki (Ichiro Fudamori), Tom Fujita (Haruka Mizusawa), Shohei Domoto (Kenta Kitamura), You Maejima (Chihiro), Kota Miura (Kurosaki Takeshi), Masashi Taniguchi (Jin Takayama)",desconocido,2021-04-01,2018,13+,2 Seasons,"action, international","This is the love story between Chihiro, a boy raised by an Amazon, and Iyu, a girl brought back to life with the help of Amazons. It's far more than a mere, heart-warming ""boy meets girl"" love story. The focus has moved from the turbulent ending of Season 1 to five years later. (C) 2017 ""Amazon Riders"" Production Committee (C) Ishimori Production Inc. and Toei Company, Ltd.",4,2021
s4330,tv show,Fortitude,Desconocido,"Dennis Quaid, Richard Dormer, Sofie Gråbøl, Ken Stott, Michelle Fairley, Sienna Guillory, Verónica Echegui, Björn Hlynur Haraldsson, Mia Jexen, Brian McCardie, Alexandra Moen, Ramon Tikaram, Paul Ready, Robert Sheehan, Luke Treadaway, Parminder Nagra, Edvin Endre, Darren Boyd",desconocido,2021-04-13,2017,18+,1 Season,"drama, suspense","The remote arctic town of Fortitude attempts to recover, but out in the wilderness, nature is growing ever more dangerous and the sky itself has turned red - For there's a demon amongst the herd and they have to be stopped no matter the consequences.",4,2021
s4425,tv show,Word of Honor,Desconocido,"Zhehan Zhang, Jun Gong, Ye Zhou, Wenyuan Ma, Xilun Sun, Le Jin",desconocido,2021-04-17,2021,18+,2 Seasons,"action, drama, romance","(Starting from EP 19 and after) Zishu Zhou (Zhehan Zhang), the Tian Chuang leader, decides to leave the organization at all costs. When Zishu is about to die, he meets the master of the Valley of Ghosts, Kexing Wen (Jun Gong), who wants to destroy the world. Both of them are involved in chaos and become the salvation for each other.",4,2021
s4491,tv show,Ethan The Dump Truck,Desconocido,Desconocido,desconocido,2021-04-20,2019,all,2 Seasons,"animation, kids","Ethan the Dump Truck is an ideal educational TV show for toddlers and preschoolers. Ethan is a small yet very active dump truck. He is always rushing into new adventures, and tries to learn as much as he can through the games he plays. On his adventures, Ethan learns shapes, colors and numbers. Come and learn with Ethan while having great fun!",4,2021
s4496,tv show,Color Crew All About Colors,Desconocido,Desconocido,desconocido,2021-04-20,2018,all,4 Seasons,"animation, kids","Watch the Color Crew as they play around with everyone's favorite baby GooGoo, and make him laugh out loud!",4,2021
s4623,tv show,Wired Outdoors,Desconocido,"Jason Say, Jon Collins",desconocido,2021-04-26,2020,13+,1 Season,"action, adventure, sports",All Wired Outdoors Season 11 episodes,4,2021
s4650,tv show,Loudermilk,Desconocido,"Ron Livingston, Will Sasson, Anja Savcic, Brian Regan, Jackie Flynn, Timothy Webber",desconocido,2021-04-27,2021,16+,3 Seasons,comedy,"Series centers on Sam Loudermilk, a recovering alcoholic and substance abuse counselor with an extremely bad attitude.",4,2021
s4652,tv show,Bible Land Passages,Desconocido,"John Moore, Dr. Rick Brumback, Gary Massey (J.D.), Dr. Jonathan Moore, Dewayne Bryant",desconocido,2021-04-27,2018,all,2 Seasons,"documentary, faith and spirituality, special interest","Volume 2 of the Bible Land Passages series continues in telling the Bible story and its message of salvation from the real places mentioned in the Bible. Taught from steps of the Temple Mount to the ruins of Jericho to the valley where David met Goliath, the reliability and credibility of the Bible is demonstrated from the historical evidence that corroborates its claims.",4,2021
s4725,tv show,Lupin the 3rd Part 4 (English Dub),Desconocido,"Tony Oliver, Richard Epcar, Lex Lang, Michelle Ruff, Doug Erholtz, Cassandra Morris, Neil Kaplan, Michael McConnohie, Jamieson K. Price",desconocido,2021-04-30,2016,13+,2 Seasons,"action, anime",Lupin and the gang embark on new and exciting escapades throughout Italy and San Marino in this stunningly animated fifth installment following the adventures of the beloved gentleman thief with a heart of gold.,4,2021
s4784,tv show,Foxpro Hunting,Desconocido,"Mike Dillon, Al Morris, Abner Druckenmiller",desconocido,2021-05-01,2018,13+,1 Season,sports,"Foxpro Hunting introduces viewers to great locations, tactics, and gear for hunting. Join the Foxpro team as they travel the country on new hunting adventures. Each episode will go beyond the hunt to engage the viewer with compelling videography and story-telling.",5,2021
s4990,tv show,Cruising the Cut,Desconocido,Desconocido,desconocido,2021-05-09,2021,13+,4 Seasons,"documentary, special interest","Another magical year spent cruising the British canals, with relaxing trips along the beautiful Ashby canal, the wild Caldon canal, and the stunning Macclesfield canal.",5,2021
s5005,tv show,Troy The Train,Desconocido,Desconocido,desconocido,2021-05-11,2017,all,1 Season,"animation, kids, special interest","Troy the Train is the fastest train in the world! He makes sure that new vehicles arrive safely in Car City, and join the Car Team! Every day, Troy the train meets new friends, who follow him in amazing adventures.",5,2021
s5040,tv show,Pororo Sing Along,Desconocido,Desconocido,desconocido,2021-05-12,2019,all,1 Season,"arts, entertainment, and culture, kids","Welcome to NEW Pororo Singalong Show! Finally, you can watch Pororo Singalong Show in English. Our special musical casts will deliver beautiful stories and songs to you. Let's sing and dance with Pororo and friends together.",5,2021
s5042,tv show,Last Secrets of the Third Reich,Desconocido,Desconocido,desconocido,2021-05-12,2012,13+,1 Season,"documentary, suspense","What happened to trainloads worth of Nazi-gold at the end of WW2? How much truth is in the idea that Hitler's personal physician was gradually poisoning him with medication? What happened to the lost submarine U-513? These are just some of the questions we seek to answer using newly found documents and witness accounts in the second run of this investigative, unique, and surprising series.",5,2021
s5060,tv show,Color Crew - All about Colors (Spanish audio),Desconocido,Desconocido,desconocido,2021-05-13,2018,all,3 Seasons,"animation, kids","Watch the Color Crew as they play around with GooGoo, and make him laugh out loud!",5,2021
s5179,tv show,Nursery Rhymes and Kids Songs by Little Baby Bum,Desconocido,Desconocido,desconocido,2021-05-18,2015,all,10 Seasons,"kids, special interest","This collection includes some of the best educational nursery rhymes and kids songs for your babies. Enjoy this season of songs including 'Shapes Train Song', 'Wheels on the Bus', and many more!",5,2021
s5198,tv show,The Family Man,Desconocido,"Manoj Bajpayee, Samantha Akkineni, Priya Mani, Sharib Hashmi, Shreya Dhanwanthary, Sunny Hinduja, Shahab Ali, Ashlesha Thakur, Vedant Sinha, Ravindra Vijay, Mime Gopi, N Alagamperumal, Anandsami, Srikrishna Dayal, Devadarshini Chetan, Darshan Kumaar, Abhay Verma, Dalip Tahhil, Vipinkumar A Sharma, Seema Biswas",india,2021-05-19,2021,13+,2 Seasons,"action, drama, international","Srikant Tiwari has quit TASC and works in the private sector to spend more time with the family. A powerful new enemy forces him to return. Srikant has to now uncover and thwart a dangerous coalition between an old foe and a dormant group of militants. But the danger is much closer to home. This time around, nobody is safe!",5,2021
s5321,tv show,Teachers,Desconocido,"Ursula Holden Gill, Gillian Bevan, Lloyd McGuire, Ellen Thomas, Tamzin Malleson, Vicky Hall, Marsha Leanne Crosby",desconocido,2021-05-22,2004,18+,4 Seasons,"comedy, drama","Following the chaotic lives of a group of perpetually juvenile teachers, whose specialty subjects include beer-drinking, kebab-eating and ineptness with members of the opposite sex.",5,2021
s5380,tv show,Canticos,Desconocido,Desconocido,desconocido,2021-05-24,2020,all,3 Seasons,"animation, kids",Canticos puts a song in your heart and a smile on your face. Little ones will sing along while they learn in English and Spanish.,5,2021
s5461,tv show,Bubble Guppies,Desconocido,"Bertrand,  Jacob, Feinstein,  Tori, Gambertoglio,  Bailey, Gentilella,  Brianna, Insana,  Tino, Jurgensmeyer,  Jet, Kaufman,  Grace, Phillips,  Chris, Vavasseur,  Mia, Walker,  Markleik, Walsh,  Teddy",desconocido,2021-05-29,2015,tv-y,3 Seasons,"animation, kids","Jump into this underwater classroom with Molly, Gil and their fishtailed friends. Preschoolers can learn school-readiness skills like science, math, literacy and more through songs, dances, and laughs!",5,2021
s5588,tv show,Flack,Desconocido,"Anna Paquin, Lydia Wilson, Sophii Okonedo, Rebecca Benson, Genevieve Angelson, Rufus Jones, Arinze Kene, Andrew Leung",desconocido,2021-06-03,2021,16+,2 Seasons,"comedy, drama","Series 2 picks up from the events of the season one finale which saw Robyn’s work and home lives collide catastrophically when she could no longer resist the temptations of her addictions. She’s sacked PR intern Melody - for her own good - but closer relationships could be damaged beyond repair. Will Eve forgive Robyn, and with Melody frozen out, will Mills Paulson PR ever be the same again?",6,2021
s5597,tv show,Crash Canyon,Desconocido,"Tara Strong, Jennifer Irwin, Martin Roach, Patrick McKenna, Peter Keleghan, Joanne Vannicola, Bryn McAuley",desconocido,2021-06-03,2013,tv-14,2 Seasons,"animation, comedy","The Wendells are a family who don't spend much time together. At least they didn't until they drove off a cliff and landed at the bottom of a canyon, Crash Canyon, and are forced to learn to put up with one another and build a new life in their new home. In Crash Canyon, they meet an eclectic group of neighbours who ended up there the same way that the Wendells did.",6,2021
s5601,tv show,Bosch,Desconocido,"Titus Welliver, Jamie Hector, Amy Aquino, Madison Lintz, Lance Reddick",united states,2021-06-03,2021,16+,7 Seasons,"action, drama, suspense","When a ten-year-old girl dies in an arson fire, Detective Harry Bosch risks everything to bring her killer to justice despite opposition from powerful forces. Detective Jerry Edgar falls apart as he grapples with the consequences of shooting Jacques Avril. Maddie assists Honey Chandler on a high profile case that draws Bosch in and puts them in the crosshairs of dangerous criminals.",6,2021
s5631,tv show,HITOSHI MATSUMOTO Presents Documental,Desconocido,Hitoshi Matsumoto,desconocido,2021-06-04,2021,18+,4 Seasons,"comedy, international, unscripted",Hitoshi Matsumoto presents a closed-door laughter survival game. Ten comedians participate to win the 10-million yen prize. The person who The person who makes it to the very end without laughing will win. When will the cooped-up comedians reach their limit? (C)2017 YD Creation,6,2021
s5745,tv show,Making the Cut,Desconocido,"Heidi Klum, Tim Gunn, Winnie Harlow, Jeremy Scott",united states,2021-06-11,2021,13+,2 Seasons,"special interest, unscripted","In the second season of Making the Cut, Heidi Klum and Tim Gunn welcome 10 established designers from around the world to Los Angeles, CA where they compete to become the next global fashion brand. Each week, winning looks will be available to buy on Amazon in the Making the Cut store, and the last designer standing will receive one million dollars to invest in their brand.",6,2021
s5752,tv show,Billions,Desconocido,Desconocido,desconocido,2021-06-11,2019,tv-ma,4 Seasons,tv shows,"Axe, Chuck and Wendy come together to eradicate their rivals.",6,2021
s5753,tv show,Being Erica,Desconocido,"Erin Karplunk, Michael Riley, Tyron Leisto",desconocido,2021-06-11,2009,tv-14,1 Season,"drama, young adult audience","Erica has the chance of a lifetime. After a series of mishaps, she finds herself in the hospital where she meets the mysterious therapist Dr. Tom, who issues Erica a challenge; if she wants to fix her life he can help, but once she's committed, she can't back out. Desperate, Erica accepts his terms, and finds herself flung back into her own past. Can she alter her past and transform her present?",6,2021
s5754,tv show,8 Out Of 10 Cats,Desconocido,"Jimmy Carr, Sean Locke, Jon Richardson",desconocido,2021-06-11,2012,16+,2 Seasons,"arts, entertainment, and culture, comedy",8 Out of 10 Cats is a British comedy panel show.,6,2021
s5784,tv show,Stickin' Around,Desconocido,"Ashley Taylor, Ashley Brown",desconocido,2021-06-12,1998,tv-g,3 Seasons,"animation, kids","Young best friends Stacy and Bradley have a unique ability that allows them to bring their fantasies to life. The kids are able to draw their own cartoons, bringing their imaginations to life. They often use their hand-drawn adventures to help them overcome obstacles they face, whether they involve school, bullies or even their parents.",6,2021
s5856,tv show,Horseland Season 1,Desconocido,Desconocido,desconocido,2021-06-15,2008,tv-y7,1 Season,"animation, kids",It's a galloping good time as five friends and their amazing horses ride together through the ups and downs of being a kid in the incredible stable known as Horseland.,6,2021
s5869,tv show,Adventures of Paddingon Bear,Desconocido,Desconocido,desconocido,2021-06-15,1998,tv-y,2 Seasons,"animation, kids","Paddington Bear doesn't go looking for adventure. It just seems to find him. And when it does, there's no telling what will happen. One thing is for sure - wherever Paddington Bear goes, there's chaos, a bit of panic and lots of laughs.",6,2021
s5921,tv show,Sergio Ramos,Desconocido,"Sergio Ramos, Pilar Rubio",spain,2021-06-18,2021,16+,2 Seasons,"sports, unscripted","Legends define themselves for who they have been, but also for who they are and who they will be. We are going to relive the great sporting milestones of a unique career, as we accompany Sergio in one of the strangest, most complicated seasons in soccer history. An opportunity to meet the legend, but also the person behind it, who’s already beginning to imagine life after soccer.",6,2021
s5991,tv show,HobbyKids Adventures by pocket.watch: The Complete Collection,Desconocido,"Griffin Burns, Cristina Milizia, Johnny Rose",desconocido,2021-06-20,2019,all,2 Seasons,"animation, kids","Based on the popular family vlog, HobbyKidsTV, HobbyKids Adventures follows the antics of three brothers - HobbyPig, HobbyFrog, and HobbyBear - as they use fun, food and amazing inventions to avoid their arch enemies, the Slobby Kids, and make the world a better place! Created by renowned animator Butch Hartman.",6,2021
s5993,tv show,The Adventures of Joe Coodryette,Desconocido,"Jason Pasnikowski, Ed Hennessy, Bernard Friedland",desconocido,2021-06-21,2021,7+,1 Season,"animation, kids","In season 2, Joe has more window-related adventures.",6,2021
s5994,tv show,Inside Sportfishing,Desconocido,Michael Fowlkes,desconocido,2021-06-21,2021,13+,1 Season,"documentary, sports","Over a 27-year broadcast run, Inside Sportfishing became the highest-rated, longest-running fishing show in Fox Sports history. Covering both fresh and saltwater fishing over 3 decades, our crews have traveled the globe to capture the most exciting and diverse fishing ever filmed, with season 6 spanning Alaska, Australia, Minnesota, Southern California, the Eastern Sierras and more!",6,2021
s6010,tv show,Jamillah & Aladdin,Desconocido,"Wilson Radjou-Pujalte, Blossom Campbell, Joe Vaz, Leroy Bonsu, Peter Butler",desconocido,2021-06-22,2018,tv-y7,2 Seasons,"action, comedy, kids","A contemporary reworking of the classic Arabian Nights story. 21st century girl Jamillah finds the magic lamp and is transported back to ancient Baghdad where she meets Aladdin, her very own genie and endless adventure.",6,2021
s6026,tv show,The Border,Desconocido,"James McGowan, Graham Abbey, Nazneen Contractor",desconocido,2021-06-23,2009,16+,3 Seasons,"drama, suspense","The elite Immigration and Customs Security Squad (ICS) takes on the toughest security cases ranging from terrorist infiltrations and cross-border police actions, to trafficking in everything from enriched uranium to abducted children. The ensemble cast includes Sofia Milos (CSI: Miami), along with James McGowan, Graham Abbey, Grace Park and Nazneen Contractor.",6,2021
s6044,tv show,A Toy Store Near You,Desconocido,"Jayden Frost, Jonathan Schoonveld, Pieter Kamp, Andrew Leung, Christine Osborne, Emmy Frost, Andrew Kissner, Colton Grimes, Sofia Foglia, Danny Ortiz, Ryan Wilhelm, Ryan Hartsell, Shannon Blameuser, Matt Quinnan, Elias Gonzalez, Zachary Cannon, Dan Tinaglia, Joe Tinaglia, Gina Venable, Dan Polydoris, Michel Van Staveren, Joshua Baumgarten, Geoffrey Cannaby, Eva Van Den Anker, Gonneke Van Der Vijver, Aafke De Vries, John Powell, Anthony Barbaria, Sief Naser, Tim Gier, Tori Gier, Elizabeth Darby, Cody Deen, Kathy McKay, Debbie Doscher",desconocido,2021-06-23,2021,tv-14,3 Seasons,"documentary, kids, science fiction","Throughout the world, there are hundreds of independently-owned toy stores, each one as unique & endearing as the people that own them. This community has been disrupted by the Covid-19 pandemic as store owners are finding new ways to keep their businesses running. Whether you're an avid collector or a toy store novice, these stories are universally powerful, sometimes heartbreaking, & always fun.",6,2021
s6052,tv show,Pinkfong! Phonics Songs,Desconocido,Desconocido,desconocido,2021-06-24,2017,all,1 Season,"animation, kids","Sing along to Phonic Songs that are easy to follow just right for kids' first ABCs. Meet Pinkfong's fun, educational videos that captured the hearts of millions of children around the world. Enjoy hundreds of kids' favorite songs and stories created by Pinkfong, the official creator of global hit Baby Shark behind #BabySharkChallenge.",6,2021
s6057,tv show,Jacob Two-Two,Desconocido,"Billy Rosemberg, Dwayne Hill, Jeff Berg, Harvey Atkin",desconocido,2021-06-24,2006,tv-y7,3 Seasons,"animation, kids, science fiction",The adventures of a precocious young boy in Montreal who has a habit of repeating himself.,6,2021
s6060,tv show,Four Senses,Desconocido,"Christine Ha, Carl Heinrich, Corbin Tomaszeski, Laura Calder, Erin Davis, Wanda Beaver, Claire Tansey, Farzam Fallah, Amira Becarevic, Carole Bearg, Luke Hayes-Alexander, Michael Hunter, Mike Ward, Mairlyn Smith, Frankie Ferragine",desconocido,2021-06-24,2016,tv-g,2 Seasons,special interest,Celebrity chefs Christine Ha and Carl Heinrich team up with special guests for an exciting cooking show with an accessibility twist.,6,2021
s6076,tv show,The Bridge,Desconocido,"Diane Kruger, Demián Bichir, Thomas M. Wright, Ted Levine, Matthew Lillard, Emily Rios, Annabeth Gish, Johnny Dowers, Ramón Franco",desconocido,2021-06-25,2014,tv-ma,2 Seasons,"drama, suspense","Marco Ruiz is a homicide investigator for the state of Chihuahua, Mexico living in Ciudad Juarez. A family man, Marco is one of the last good men in a corrupt and apathetic police force that is out-gunned by the powerful drug cartels. When a body is dumped on the bridge that spans the El Paso-Ciudad Juarez border, Ruiz is forced to work with his American counterpart, Detective Sonya Cross.",6,2021
s6115,tv show,Portrait Artist of The Year,Desconocido,"Frank Skinner, Tai Shan Schierenber, Kate Bryan",desconocido,2021-06-26,2007,all,3 Seasons,"arts, entertainment, and culture, special interest, unscripted","This series, we see over 20 celebrity sitters for the competing heat.",6,2021
s6123,tv show,Little Charmers,Desconocido,"Addison Holley, Alexa Torrington, Matilda Gillbert",desconocido,2021-06-26,2016,tv-g,2 Seasons,"animation, kids","In the magical land of Charmville, charmers have special powers. Charmer-in-training Hazel and her best friends, Posie and Lavender, are still getting used to their powers. Fearless go-getter Hazel leads the group on adventures designed to break in their magical abilities.",6,2021
s6167,tv show,Braceface,Desconocido,"Alicia Silverstone, Michael Cera, Marnie McPhail, Brooke D'Orsay",desconocido,2021-06-29,2004,tv-y,4 Seasons,"animation, comedy, kids",An eighth grader (Alicia Silverstone) with preteen problems and a magical set of braces tries to survive the jump to high school.,6,2021
s6253,tv show,Britannia,Desconocido,Desconocido,desconocido,2021-07-01,2019,nr,2 Seasons,"drama, fantasy","The Romans are here and they're set to stay. Two years on from his invasion of Britannia, with the help of Celt Queen Amena, General Aulus is busy Romanising willing Celt tribes and crushing those who try to resist.",7,2021
s6295,tv show,The Hunting Public,Desconocido,"Greg Clements, Aaron Warbritton, Zach Ferenbaugh, Jake Huebschman",desconocido,2021-07-03,2020,13+,4 Seasons,"action, documentary, sports","Welcome to ""The Hunting Public"". We are a group that simply loves to hunt. Our primary focus is using aggressive tactics on public land, but we'll cover a broad range of hunting scenarios from small properties to managed land. We'll bring you episodes throughout the entire hunting season so you can follow the story every step of the way!",7,2021
s6315,tv show,AnimaCars - Truck and Animal's Adventures,Desconocido,Desconocido,desconocido,2021-07-03,2021,all,1 Season,"animation, kids","Ranger Jonny takes care of all the AnimaCars! It's his duty to take care of all the wildlife of the island. Side by side with Torch, his loyal friend, he deals with commun-life situations, fixes little problems, boo-boos. In order to accomplish his daily missions, Jonny has to learn how to listen to their needs, communicate with them... And they are full of mysteries!",7,2021
s6386,tv show,El Cid,Desconocido,Desconocido,spain,2021-07-08,2021,16+,2 Seasons,drama,"After the death of their father, Sancho, Alfonso and García became respectively the King of Castile, the King of León and the King of Galicia. The conflicts between them will transform the Iberian Peninsula into a battlefield. Ruy is knighted. He is closer to accomplish his father's unfulfilled dream, but along the way he will have to sacrifice what he loves the most.",7,2021
s6419,tv show,Series before 1C onboarding - 2,Desconocido,1,desconocido,2021-07-12,2021,18+,2 Seasons,"action, animation",2,7,2021
s6489,tv show,Jane and the Dragon,Desconocido,"Tajja Isen, Adrian Truss, Mark Rendall, Alex House",desconocido,2021-07-16,2006,tv-y7,2 Seasons,"animation, kids, science fiction","The daughter of King Caradoc's chamberlain dreams of being a knight. When Prince Cuthbert is kidnapped by the local dragon, Jane may just have her chance.",7,2021
s6552,tv show,Modern Love,Desconocido,"Minnie Driver, Kit Harington, Dominique Fishback, Anna Paquin, Marquis Rodriguez, Lucy Boynton, Gbenga Akinnagbe, Garrett Hedlund, Zoë Chao, Tobias Menzies, Sophie Okonedo, Isaac Powell, Zane Pais, James Scully, Lulu Wilson, Grace Edwards, Don Wycherley, Tom Burke, Jack Reynor, Miranda Richardson",united states,2021-07-17,2021,16+,2 Seasons,"comedy, drama, romance","Love breaks all the rules. Each episode of this anthology series brings to life different stories of relationships, connections, betrayals and revelations – all inspired by true events.",7,2021
s6568,tv show,Hostel Daze (4K UHD),Desconocido,"Adarsh Gourav, Luv Vispute, Shubham Gaur, Nikhil Vijay, Ahsaas Channa, Ayushi Gupta",desconocido,2021-07-17,2021,16+,2 Seasons,"comedy, drama","6 friends enter their second year of college and dig deeper into the notorious universe of an Indian hostel. Hostel Daze Season 2 incorporates the second chapter of hostel-life in the lives of Ankit, Jaat, Chirag, Jhantoo, Akanksha and Nabomita. The problems, the hurdles and the unlimited quirks have now doubled.",7,2021
s6569,tv show,Hostel Daze,Desconocido,"Adarsh Gourav, Luv Vispute, Shubham Gaur, Nikhil Vijay, Ahsaas Channa, Ayushi Gupta",desconocido,2021-07-17,2021,16+,2 Seasons,"comedy, drama","6 friends enter their second year of college and dig deeper into the notorious universe of an Indian hostel. Hostel Daze Season 2 incorporates the second chapter of hostel-life in the lives of Ankit, Jaat, Chirag, Jhantoo, Akanksha and Nabomita. The problems, the hurdles and the unlimited quirks have now doubled.",7,2021
s6593,tv show,Brain Candy TV - Educational Videos for Kids,Desconocido,Desconocido,desconocido,2021-07-17,2021,all,4 Seasons,kids,"Season 4 continues our exploration of preschool topics with unique twists and of course lots of action-packed vehicles. Starting with our introduction to logical reasoning with our ""Learn About Patterns"" episode, we'll also explore more preschool concepts as well as fun science topics for kids like dinosaurs and space.",7,2021
s6659,tv show,BabyBus - Cartoon for Kids,Desconocido,Kiki,desconocido,2021-07-20,2018,all,2 Seasons,"animation, kids","The smart and clever Baby Panda Kiki is super-powerful of magical Chinese characters. Whenever he and his friends encounter various life problems, he will use Chinese characters to solve them.",7,2021
s6745,tv show,Helix Studios Presents,Desconocido,"Alex Riley, Travis Stevens, Max Carter, Johnny Hands, Garrett Kinsley, Riley Finch, Jacob Hansen, Trevor Harris",desconocido,2021-07-23,2020,18+,2 Seasons,"comedy, lgbtq, romance",Queer anthology series surrounding the lives of young guys who are out to have a good time.,7,2021
s6755,tv show,Babar,Desconocido,"Gordon Pinsent, Stuart Stone, Janet-Laine Green, Tara Strong",desconocido,2021-07-23,2000,tv-y,4 Seasons,"animation, comedy, kids","The charming, classic adventures of Babar, the King of the Elephants, and his family and friends.",7,2021
s6783,tv show,Being Ian,Desconocido,"Richard Cox, Louis Chirillo, Patricia Drake",desconocido,2021-07-24,2006,tv-g,3 Seasons,"animation, kids, suspense",Follow the animated adventures and hijinks of a quirky kid who has a passion for filmmaking.,7,2021
s6819,tv show,Oh No! It's An Alien Invasion,Desconocido,"Eden Gamliel, Al Mukadam, Dan Chameroy",desconocido,2021-07-26,2013,tv-g,3 Seasons,"animation, kids","Follow Nate and his underground resistance group, Super Wicked Extreme Emergency Team (S.W.E.E.T).",7,2021
s6852,tv show,Kenneth Copeland 2021,Desconocido,Kenneth Copeland,desconocido,2021-07-27,2021,tv-g,1 Season,"faith and spirituality, kids, special interest","Watch Kenneth Copeland on Believer's Voice of Victory as he teaches you how to approach life in 2021 with boldness & confidence, knowing that you're already delivered from the kingdom of darkness. Learn to view your life & circumstances the way David did-through the eyes of your covenant with God. Don't ever run from the Goliath in your life, because your covenant is bigger than your giant!",7,2021
s6985,tv show,"Thomas & Friends 18, 19, 20, 21",Desconocido,Joseph May,desconocido,2021-08-01,2017,tv-y,4 Seasons,"animation, kids","Thomas and Friends are back in series 21 for another fun-filled series of railway adventures. Terence the Tractor runs into problems on a frozen pond. Gordon and Spencer take off with each other's coaches, causing confusion and delay. Poor Toby has to work with a new coach that loves to go fast. And Cranky learns that two cranes are better than one when new crane Carly arrives at Brendam Docks.",8,2021
s7023,tv show,KUNTERGRAU,Desconocido,Desconocido,desconocido,2021-08-01,2020,16+,3 Seasons,"drama, lgbtq, romance","Jan, Noah, Marcel, Leopold and Lukas manage their daily lives in the big city until a homophobic attack strikes them to the core. Suddenly all that's left is their friendship, which is the only thing left keeping their world from falling apart entirely.",8,2021
s7037,tv show,Deadbeat,Desconocido,"Tyler Labine, Cat Deeley, Brandon T. Jackson, Lucy DeVito",desconocido,2021-08-01,2015,tv-14,2 Seasons,comedy,"Medium-for-hire Pac is back in DEADBEAT Season 2. A romance is brewing between him and the recently deceased Sue, adding a new complication to his hapless, stoner existence. When phony celebrity medium Camomile White catches wind of Pac's secret, she blackmails Pac into doing her bidding. Is the jig up for Pac's new romance? How many ghosts will Pac have to help to protect his secret?",8,2021
s7104,tv show,Nightcap,Desconocido,"Ali Wentworth, Lauren Blumenfeld, Don Fanelli",desconocido,2021-08-04,2017,tv-14,2 Seasons,comedy,"Staci Cole and the Nightcap crew return for season 2 with a new studio, some additional office mates, and even more crazy celebrities to wrangle. This season, Staci is determined to find fulfillment outside of work, but between Jimmy's ridiculous demands and her own self-sabotaging ways this proves to be increasingly impossible.",8,2021
s7121,tv show,Dan Vs.,Desconocido,"Curtis Armstrong, Dave Foley, Paget Brewster",desconocido,2021-08-04,2013,tv-pg,3 Seasons,"animation, comedy","Dan thinks the whole world is against him. Maybe it is, and maybe it isn't – not even his laid-back friend Chris is totally sure. Maybe Dan's just imagining it all. But, like Chris, you can't help going along for the ride when Dan dreams up his wild plots to get even with whoever or whatever he thinks is out to get him.",8,2021
s7150,tv show,Tales From The Cryptkeeper,Desconocido,John Kassir,desconocido,2021-08-06,1999,tv-g,3 Seasons,"animation, kids",The frightful host serves up scary tales.,8,2021
s7167,tv show,Love And War,Desconocido,"Jay Thomas, Annie Potts, Joanna Gleaon",desconocido,2021-08-06,1995,tv-14,1 Season,tv shows,"Jack and Dana may have finally gotten together, but that certainly does not mean smooth sailing for the gang at the Blue Shamrock. If anything, tensions increase for everyone at the bar as the new couple warily falls deeper in love.",8,2021
s7389,tv show,Pete the Cat,Desconocido,"Jacob Tremblay, Jeff “Swampy” Marsh, KT Tunstall, Don Was, Alyson Stoner, Atticus Shaffer, Indie Nameth, Juliet Donenfeld, Felix Avitia, Jessica Biel, Rhys Darby, Pamela Adlon, Fred Tatasciore, Diedrich Bader, Jesse Tyler Ferguson, Jim Parsons, Tom Freund",united states,2021-08-14,2021,all,8 Seasons,kids,The gang prepares for the excitement of back to school with this special musical!,8,2021
s7439,tv show,Sing Along with Pinkfong & Hogi,Desconocido,Desconocido,desconocido,2021-08-15,2021,all,4 Seasons,"animation, kids",If you want to sing and dance join Pinkfong and Hogi in their newest collection of the most upbeat songs to twist and twirl! Come sing-along Pinkfong and Hogi!,8,2021
s7471,tv show,ATN's Tribute to 100 Years of Indian Cinema,Desconocido,Desconocido,desconocido,2021-08-16,2021,all,2 Seasons,"documentary, talk show and variety","The series features over 300 episodes from the world's largest film industry with an international perspective including exclusive interviews with the Stalwarts of Indian cinema featuring movie stars, producers, directors, singers, composers, and choreographers. The series features footage from ATN's Canadian production archives some of which may not be available anywhere else in the world.",8,2021
s7497,tv show,Drag Heals,Desconocido,"Tracey Erin Smith, Kyle Feistmantl, Miles Carney, Daniel Fernandes, Elizabeth Holliday, Genevieve LeBlanc, Jay Daye, Brian Cope, Karen Suzuki, Cody Ray, Sean Parsons, Flare, Titus Androgynous, Jeff Dimitriou, Leon Silvers, Leelando Mitchell",desconocido,2021-08-17,2020,tv-14,2 Seasons,"arts, entertainment, and culture, documentary, lgbtq","Drag Heals is a hybrid stage workshop and documentary TV series that follows eight drag artists over an intensive ten day workshop to build their own show. In each workshop, a guest coach joins stage director Tracey Erin Smith in exploring soul-deep story sharing techniques as well as the unique talents and skills required from a drag performer.",8,2021
s7513,tv show,Ryan's World,Desconocido,"Ryan, Mommy, Daddy, Emma, Kate, Combo, Brie, Gus, Builder John",desconocido,2021-08-18,2019,all,1 Season,tv shows,"Ryan and his Ryan's World friends - Gus the Gummy Gator, Combo Panda, and others - bring you along on all their awesome adventures! Discover how fun learning can be, as your favorite vlog superstar and all of his pals explore the world through pretend play, science experiments, DIY crafts, challenges, and other activities kids and families can do in their own homes! Presented by pocket.watch.",8,2021
s7520,tv show,He Who Can't Marry,Desconocido,"Hiroshi ABE, You YOSHIDA",desconocido,2021-08-18,2019,tv-nr,2 Seasons,"comedy, drama","""Unmarried man"" Shinsuke Kuwano is back!Even after turning 50 years old, Kuwano continues to enjoy being single. Will he get married or not this time?",8,2021
s7611,tv show,Rogue,Desconocido,"Cole Hauser, Meaghan Rath, Ashley Greene, Sergio Di Zio, Neal McDonough",desconocido,2021-08-21,2017,tv-ma,3 Seasons,"action, drama","No good deed goes unpunished. This season, Ethan Kelly moves back to San Francisco to slay his ghosts and seek redemption. But, helping out Ray's ex-addict younger brother soon puts him in the sights of a vicious, corrupt cop. When Ethan fights back, he's dragged into a hellish labyrinth of criminality and betrayal involving the police, a Fortune 500 company, and the Federal government itself.",8,2021
s7650,tv show,Bill Winston Ministries Draft,Desconocido,Dr. Bill Winston,desconocido,2021-08-21,2020,tv-g,2 Seasons,"drama, faith and spirituality, special interest","We are living in unprecedented times and events that have occurred in irreversible succession from the past into the present and are prevalent. In Reaching the World: Replenish and Subdue, Dr. Bill Winston helps you to see that now is the time to take heed and know that the Church must arise and understand its vital role in establishing God's Kingdom in the earth.",8,2021
s7791,tv show,Packed To The Rafters,Desconocido,"Rebecca Gibney, Erik Thomson, Michael Caton, George Houvardas, Hugh Sheridan, Angus McLaren",desconocido,2021-08-26,2013,13+,5 Seasons,"comedy, drama, romance","Centers around Dave and Julie Rafter and their three children Rachel, Ben and Nathan. On the eve of their twenty-fifth wedding anniversary, the couple thinks that they are finally about to have the house to themselves. But home is a very welcome refuge for their children and when unforeseen problems loom, they return like a boomerang.",8,2021
s7812,tv show,Goliath,Desconocido,"Billy Bob Thornton, Nina Arianda, Tania Raymonde",united states,2021-08-26,2021,tv-ma,4 Seasons,"drama, suspense","In the final season, Billy McBride returns to his roots after Patty takes a job at a prestigious law firm in San Francisco. Together, they try to take down one of America’s most insidious Goliaths: the opioid industry. As Billy deals with his own pain and Patty can’t shake the feeling she’s being used, they will test each other’s loyalty like never before.",8,2021
s7839,tv show,RIDE ON TIME,Desconocido,Desconocido,desconocido,2021-08-27,2021,nr,3 Seasons,documentary,Johnny's is the top male idol agency in Japan. What goes on behind the scenes? This documentary series shadows the groups and individuals over the course of several weeks to give you a realistic portrayal of their lives.,8,2021
s7840,tv show,Paranormal Signs Investigations,Desconocido,"Alexander L., Jürgen H., Corinna P., Kurt T., Alexander P.",desconocido,2021-08-27,2021,16+,2 Seasons,"documentary, suspense, unscripted","Abandoned Buildings. Close encounters. Mysterious answers. In the second season, too, the team explores inexplicable phenomena. ""The new season is absolutely in the mood for a sequel"". No wonder, P.S.I brings along the Austrian charm. """,8,2021
s7857,tv show,Fernando 4K UHD (Dubbed),Desconocido,Desconocido,desconocido,2021-08-27,2021,7+,2 Seasons,"documentary, sports","Two years after his retirement from Formula 1, Fernando Alonso returns to the team with which he won two world championships.",8,2021
s7858,tv show,Fernando 4K UHD,Desconocido,Desconocido,desconocido,2021-08-27,2021,7+,2 Seasons,"documentary, sports","Two years after his retirement from Formula 1, Fernando Alonso returns to the team with which he won two world championships.",8,2021
s7859,tv show,Fernando (Dubbed),Desconocido,Desconocido,desconocido,2021-08-27,2021,7+,2 Seasons,"documentary, sports","Two years after his retirement from Formula 1, Fernando Alonso returns to the team with which he won two world championships.",8,2021
s7860,tv show,Fernando,Desconocido,Desconocido,desconocido,2021-08-27,2021,7+,2 Seasons,"documentary, sports","Two years after his retirement from Formula 1, Fernando Alonso returns to the team with which he won two world championships.",8,2021
s7908,tv show,Super Wings,Desconocido,"Chasden Gilson-Walker, Cassandra Lee Morris, Bill Rogers, Travis Burnett, Braylyx Rivera-Babbey, Sophia Vernon",desconocido,2021-08-29,2019,tv-y,4 Seasons,"animation, kids","Super Wings is an action-packed upper-preschool series about friendship and teamwork. Jett is an adorable plane who travels around different cities in the world, delivering packages to children. Jett will encounter some challenges, but get around each situation with the help of his friends. In Season 4, our Super Wings heroes transform into an upgraded mode with the help of Supercharge.",8,2021
s8072,tv show,Top Gear (UK),Desconocido,"Matt Leblanc, Chris Harris, Rory Reid",desconocido,2021-09-02,2018,tv-14,15 Seasons,"comedy, documentary, special interest","Matt LeBlanc, Chris Harris, Rory Reid and The Stig are back, with guest appearances from German driving legend Sabine Schmitz. Expect Top Gear’s trademark array of stunning photography, state-of-the-art supercars, celebrity guests and a healthy disrespect for presenter safety, as well as the hottest new cars and the not-so-hot old cars, that actually do get quite hot.",9,2021
s8261,tv show,Speak UP: Empower Your Ideas,Desconocido,Desconocido,desconocido,2021-09-04,2021,7+,2 Seasons,special interest,Inspiring leaders take the stage to share their personal stories before a live audience.,9,2021
s8438,tv show,Jungle Beat,Desconocido,Desconocido,desconocido,2021-09-09,2021,all,1 Season,"animation, kids",The Jungle Beat Explorers are four intrepid adventurers on a slapstick mission of discovery!,9,2021
s8448,tv show,Bakugan Battle Brawlers,Desconocido,"Scott McCord, Jason Deline, Julie Lemieux",desconocido,2021-09-09,2009,tv-pg,1 Season,"animation, anime, kids","Join Dan and his friends as they battle their Bakugan Brawlers to save Vestroia and Earth, and to restore peace throughout the two dimensions.",9,2021
s8479,tv show,Big Freedia: Queen of Bounce,Desconocido,Big Freedia,desconocido,2021-09-10,2016,tv-14,1 Season,"documentary, special interest, unscripted",Get in Formation because the critically acclaimed series Big Freedia: The Queen of bounce is back for an electrifying Fifth Season!,9,2021
s8491,tv show,Momo Character Classic,Desconocido,Desconocido,desconocido,2021-09-11,2014,tv-y,3 Seasons,"animation, international, kids","Tang Poetry is used in a fun and animated way to teach social skills, manners and Chinese culture to kids.",9,2021
s8508,tv show,The Carlos Watson Show,Desconocido,Carlos Watson,desconocido,2021-09-12,2021,16+,2 Seasons,"documentary, talk show and variety","Welcome to the Carlos Watson Show: a new breed of talk show where we're having meaningful conversations with the game-changers and change-makers who are ahead of their time, and worthy of yours. Emmy-winning journalist Carlos Watson, co-founder and CEO of OZY, has earned praise for his ability to persuade high-profile guests to open up on a wide range of topics on camera.",9,2021
s8542,tv show,Let's Play Guess What I Am,Desconocido,Desconocido,desconocido,2021-09-14,2015,tv-y,3 Seasons,"animation, international, kids",Can you guess the object? Watch kids explore common items and describe what they do.,9,2021
s8579,tv show,Momo DIY,Desconocido,Desconocido,desconocido,2021-09-15,2014,tv-y,5 Seasons,"animation, international, kids","Learn to make fun toys, crafts and decorative items in kid-friendly DIY projects.",9,2021
s8610,tv show,Wild & Free: Florianópolis,Desconocido,"Anna Retonde, Beatriz Garcia, Felipe Titto, Jerry Smith, John Drops, Lexa, Luan Cavati, MC Carol, Murilo Pereira, Nathalia Lucena, Pabllo Vittar, Ramon Bernardes, Taynara Nunes",desconocido,2021-09-17,2021,18+,2 Seasons,"international, unscripted","Bia, Ramon, Tay, Luan, Nath and Murilo are back in Floripa for their summer vacation. This time a new friend called Anna is with them to get up to all kinds of crazy stuff while exploring the magic island natural beauty and nightlife attractions.",9,2021
s8697,tv show,Go Buster - Adventures of Go Buster (Made by Little Baby Bum),Desconocido,Desconocido,desconocido,2021-09-17,2020,all,7 Seasons,kids,"Go Buster is an animated online educational kids series watched all over the globe. Brought to you by the creators of Little Baby Bum, Go Buster encourages learning, creativity and fun! Learn colors, shapes and numbers with our well-loved characters!",9,2021
s8702,tv show,"Do, Re & Mi",Desconocido,"Jackie Tohn, Kristen Bell, Luke Youngblood",united states,2021-09-17,2021,nr,2 Seasons,"animation, anime, kids","In this two-episode themed Halloween special, the Beebopsburgh birdies enjoy the spooky fun on the Day of the Pumpkin. Will Do be able to conquer his fear of scary pumpkins to enjoy the Harvest Festival with Re and Mi? And how will Mi find a way out of the scarecrow maze? With music as the answer, of course!",9,2021
s8728,tv show,Act 5 - Series 1,Desconocido,1,desconocido,2021-09-17,2021,all,3 Seasons,action,1,9,2021
s8740,tv show,Playtime with Twinkle - Cartoons for Kids (Made by Little Baby Bum),Desconocido,Desconocido,desconocido,2021-09-18,2021,all,2 Seasons,kids,"Twinkle is always on the go, she is very cheeky. Her values are Compassion, Empathy and Kindness. In this collection, learn all about colors, numbers and much more!",9,2021
s8761,tv show,Act 2 - Series 4,Desconocido,1,desconocido,2021-09-19,2021,all,2 Seasons,action,2,9,2021
s8762,tv show,Act 2 - Series 3,Desconocido,1,desconocido,2021-09-19,2021,all,2 Seasons,tv shows,2,9,2021
s8763,tv show,Act 2 - Series 2,Desconocido,1,desconocido,2021-09-19,2021,13+,2 Seasons,action,2,9,2021
s8799,tv show,The Cat in the Hat Knows a Lot About That!,Desconocido,Martin Short,desconocido,2021-09-22,2018,tv-g,2 Seasons,"animation, kids","This series follows the adventures 6-year-old best friends, Sally and Nick, as they are whisked off on extraordinary voyages of scientific discovery with the Cat in the Hat. In the Cat's Seussian vehicle, the Thinga-ma-jigger, they fly, float, rocket, and shrink down to the size of a bee to explore natural wonders from the bottom of the ocean to the treetops of the rain forest.",9,2021
s8804,tv show,Preacher,Desconocido,Desconocido,desconocido,2021-09-22,2019,tv-ma,4 Seasons,tv shows,"As our story inches closer to the finale, God's endgame for the universe begins to click into place. Trapped between heavenly prophecies, hellish prisons, and all-out nuclear war, Jesse, Tulip, and Cassidy make their bloody way to the Most High. Whether they can reach God in time – or whether all this carnage is part of His divine plan – will soon be revealed as Preacher barrels towards the end..",9,2021
s8817,tv show,Blippi - Blippi's Educational Adventures for Kids,Desconocido,Desconocido,desconocido,2021-09-22,2020,all,5 Seasons,kids,"Blippi is an educational kids show tailored for children ages 2- 5 years old. Join Blippi as he embarks on an adventurous journey to an animal shelter, baseball stadium, indoor playground, and many more! Kids will learn colors, shapes, numbers, the letters of the alphabet and so much more with Blippi's wonderful videos for kids!",9,2021
s8872,tv show,Savage X Fenty Show,Desconocido,"Rihanna, Nas, Daddy Yankee, Bia, Jazmine Sullivan, Ricky Martin, Erykah Badu, Nyjah Houston, Normani",desconocido,2021-09-25,2021,16+,3 Seasons,unscripted,"Rihanna’s Emmy nominated Savage X Fenty Show Vol. 3 is an immersive fashion experience that combines fashion, dance, and music with iconic architecture and unforgettable performances. Featuring an all-star cast debuting the latest Savage X Fenty styles, the show is a visually stunning cultural moment that redefines sexy.",9,2021
s8876,tv show,Jessy & Nessy,Desconocido,"Sophie Feldman, Jamie Buchanan, Alexa Bauer, Carter Bellaimey, Carla Bourke, Ethan Bourke, Vincent Brimble, Allegra Cnockaert, Shauna Cullen, Éabha Farrell, Kieran Farrell, Charlie Feighery, Tiago Gil Batista, David Keegan, Shai Matheson, Ivy Mcdonnell, Naomi Mcdonald, Paula Mcglinchey, David Menkin, Clementine Milward, Aline Mowat, Gordon Quigley, Sophie Rice, Alan Shannon, Faye Stedman - Shannon, Janet Spencer Turner, Paul Tylak, Andres Williams",desconocido,2021-09-25,2021,tv-g,4 Seasons,kids,"Jessy and Nessy is a series about Jessy, an innately curious little girl and her best friend, Nessy, a five-and-a-half-thousand-year-old purple sea monster. Jessy happens to see the world a little differently through her magical glasses called ‘Inspectacles’. Together this unlikely duo explore life’s curiosities and reveal how all of these seemingly everyday curiosities have fantastical answers.",9,2021
s8890,tv show,Toddler Fun Learning - Educational Videos for Kids,Desconocido,Desconocido,desconocido,2021-09-26,2021,all,3 Seasons,kids,"Toddler Fun Learning makes fun, free and educational videos, nursery rhymes, stories and songs for toddlers all over the world. In this collection you can learn about numbers, animals, colors and much more!",9,2021
s8891,tv show,"This is Paris, 50 years of passion",Desconocido,Desconocido,desconocido,2021-09-26,2021,tv-nr,2 Seasons,sports,"""PSG city of Lights, 50 years of legend"" tells the story of the 2020-2021 season with exclusive access to the team, and revisits the greatest moments in the club's history. Built around major themes such as ambition, training and solidarity in the face of adversity, the series retraces the Champions League campaign, the battle for the Ligue 1 and victory in the French Cup.",9,2021
s8904,tv show,Digley & Dazey - Vehicle Cartoons for Kids (Made by Little Baby Bum),Desconocido,Desconocido,desconocido,2021-09-26,2021,all,3 Seasons,kids,"Best friends Digley and Dazey are part of a construction team, who go around building and fixing things in need of repair. Working hard as a team and using their creativity, they always save the day and learn new things along the way! In this collection, Digley & Dazey save a kitten, go ice skating, and much more!",9,2021
s8906,tv show,CoComelon - Kids Songs and Nursery Rhymes,Desconocido,Desconocido,desconocido,2021-09-26,2021,all,11 Seasons,kids,"CoComelon is here to help preschoolers learn letters, numbers, animal sounds, colors, and more. The videos impart prosocial life lessons, providing parents with an opportunity to teach and play with their children as they watch together. Sing along to some of the popular nursery rhymes like Wheels on the bus, Mary had a little lamb, Twinkle Twinkle Little Star and more!",9,2021
s8972,tv show,You Are Wanted,Desconocido,"マティアス・シュヴァイクヘーファー, アレクサンドラ・マリア・ララ, ミヒャエル・ランデス, ジェシカ・シュヴァルツ, ハンナ・フックストラ",desconocido,2021-09-29,2018,13+,2 Seasons,"drama, suspense","In Season 2, a new nightmare begins for Lukas Franke. He loses his memory and control of Burning Man, a classified data collection program that everyone from intelligence agencies to international criminals, hackers and activists want to get their hands on. As a result, Lukas is forced on the run, his only chance at survival is retrieving Burning Man, the world’s most powerful cyber weapon.",9,2021
s8978,tv show,My Magic Pet Morphle - Adventures of Mila & Morphle,Desconocido,Desconocido,desconocido,2021-09-29,2021,all,14 Seasons,"animation, kids","Morphle can morph into anything his human companion Mila wants. From dinosaurs to cars, and animals like cats, dogs, and lions! Your kids will love these fun, and educational videos for kids! They will learn colors, shapes, numbers, the alphabet, and more!",9,2021
s9036,tv show,Alf: The Animated Series,Desconocido,"Len Carlson, Rob Cowan, Paul Fusco, Dan Hennessey",desconocido,2021-09-30,1988,tv-y,1 Season,"animation, kids","When the evil Larson Petty returns to invade the planet, Gordon becomes an unlikely ally and helps Melmac.",9,2021
s9163,tv show,LEGO Monkie Kid - US,Desconocido,"Jack De Sena, Dave B. Mitchell, Stephanie Sheh, David Chen, Sean Schemmel, Patrick Seitz",desconocido,2021-10-01,2021,tv-y7,1 Season,"action, animation, kids","When the evil Demon Bull King is released, a young boy ""MK"" must go on a journey of self-discovery to become the hero this generation needs.",10,2021
s9171,tv show,Judge Faith,Desconocido,Faith Jenkins,desconocido,2021-10-01,2016,tv-pg,2 Seasons,"documentary, special interest, unscripted","Faith Jenkins, a former Louisiana beauty queen, to a Wall Street attorney, to a tough New York City prosecutor, returns for a second season on with her nationally syndicated, arbitration based court show with her tough no-nonsense style of justice. So put your faith in her and her decisions, because she is Judge Faith!",10,2021
s9281,tv show,Travel Man: 48 Hours in...,Desconocido,"Richard Ayoade, Jessica Knappett",desconocido,2021-10-02,2018,13+,7 Seasons,"action, adventure, comedy","Richard Ayoade attempts to visit all the top tourist attractions in various cities in a 48-hour period. Richard hates long, boring holidays so he challenges himself to make trips as efficient as possible.",10,2021
s9305,tv show,Rupert,Desconocido,"Julie Lemieux, Torquil Campbell, Hadley Kay, Guy Bannerman, Valerie Boyle, Keith White, Colin Fox",desconocido,2021-10-02,1995,tv-g,2 Seasons,"animation, kids","The adventures of Rupert, a young bear who unintentionally ends up in faraway or mystical places but always makes it back safely to his home of Nutwood.",10,2021
s9322,tv show,If You Give a Mouse a Cookie,Desconocido,"Mason Mahay, Roger Craig Smith, Jessica DiCiccio, Jeff Bennett, Lara Jill Miller, Henry Kaufman, Kyla Kenedy White, Scarlet Estevez, Benji Risley",united states,2021-10-02,2021,all,10 Seasons,kids,"If You Give A Mouse A Cookie, Series: Based on the beloved books by Laura Numeroff and Felicia Bond. Meet Mouse, Pig, Moose, Dog and Cat and their favorite kids! When everyone gets together one thing always leads to another in the most unexpected ways. You never know where things will end up, but you can be sure that IF Mouse and Friends go on an adventure, THEN there is lots of fun to be had!",10,2021
s9339,tv show,Di-Gata Defenders,Desconocido,"Noah Cappe, Martha MacIsaac, Dan Petronijevic, Stephanie Beard",desconocido,2021-10-02,2008,tv-g,4 Seasons,"action, animation, kids","Only one group can control the destiny of the Di-Gata Stones. With the help of the Guardian creatures, four teenage warriors are entrusted with finding the pure gems to save the good people of RaDos.",10,2021
s9363,tv show,This is Us,Desconocido,Desconocido,desconocido,2021-10-03,2020,16+,4 Seasons,tv shows,"This Is Us chronicles the Pearson family across the decades and reveals how the tiniest events in our lives impact who we become and can transcend time, distance and even death.",10,2021
s9372,tv show,Startup,Desconocido,Desconocido,desconocido,2021-10-03,2016,18+,3 Seasons,tv shows,"Forced to fund a tech company with dirty money from unsuspecting places while forming ties with a dangerous Haitian gang, the fight to build a business pales in comparison to the fight to stay alive, especially when there's a vehement FBI agent who wields the power to make or break those he comes in contact with – and not always for the right reasons.",10,2021
s9394,tv show,Two and a Half Men,Desconocido,"Ashton Kutcher, Jon Cryer, Amber Tamblyn, Conchata Ferrell",desconocido,2021-10-04,2015,tv-nr,11 Seasons,comedy,"Walden Schmidt and Alan Harper (Ashton Kutcher and Jon Cryer) have spent another year searching for the ideal life in their Malibu beach house. In the 12th and final season, Alan and Walden will continue their search for true love, contentment and the meaning of life. And they may actually find a couple of those things!",10,2021
s9402,tv show,Supermansion,Desconocido,Desconocido,desconocido,2021-10-05,2019,tv-nr,3 Seasons,"animation, comedy","A group of superheroes, led by Titanium Rex, find it's sometimes easier to take down villains than live together harmoniously under one roof.",10,2021
s9417,tv show,Tomorrow's Joe 2 (Original Japanese Audio),Desconocido,"Teruhiko Aoi, Jūkei Fujioka, Emi Tanaka, Ryusei Nakao, Yoshito Miyamura",desconocido,2021-10-06,1981,13+,2 Seasons,"anime, drama, sports","Joe, one of the top ranked boxers in the world, no longer has the yearning or desire to enter the ring again after killing his previous opponent by landing a wicked left jab to his temple. His confidence and competitive spirit is restored when he decides to overcome his fear by facing the uncrowned king from Venezuela, Carlos Rivera.",10,2021
s9509,tv show,Go Buster - Classic Nursery Rhymes & Songs (Made by Little Baby Bum),Desconocido,Desconocido,desconocido,2021-10-07,2021,all,5 Seasons,kids,"Go Buster is an animated online educational kids series watched all over the globe. Brought to you by the creators of Little Baby Bum, Go Buster encourages learning, creativity, and fun! Learn colors, shapes, and numbers with our well-loved characters! In this season, enjoy some original kids' songs such as Where's Buster?, Wash Your Hands, and special guest characters such as Cozy Coupe & more!",10,2021
s9512,tv show,Cocomelon American Sign Language - Cartoons for Kids,Desconocido,Desconocido,desconocido,2021-10-07,2019,all,3 Seasons,kids,"Watching good quality kids' shows can be a great support in a child's development. It is a way to explore emotions in a safe space, learn about relating to other people and about basic concepts such as vocabulary and counting. This is why we are making our hugely popular kids show 'CoComelon' available to all kids in ASL.",10,2021
s9530,tv show,The Ambassador,Desconocido,"Tim Matthews, Pauline Collins, Dominic Mafham, Denis Lawson, Owen Roe, Alison Mckenna, William Chubb, Tom Connolly, Sara Markland",desconocido,2021-10-08,1998,13+,2 Seasons,drama,"Harriet Smith, the new British ambassador to Ireland, desperately wants to make her mark in this historically difficult posting and try to put the tragic murder of her husband behind her. However, the situation is made considerably worse for her by her son Nate who refuses to accept the consequences of her new ambassadorial role and still blames her for his fathers death.",10,2021
s9538,tv show,Pan y Circo,Desconocido,Desconocido,desconocido,2021-10-08,2021,7+,2 Seasons,"special interest, talk show and variety, unscripted","Mexican actor and director Diego Luna returns with Bread and Circus, the winner series of Daytime Emmy for Best show in Spanish. In these specials, Diego Luna sets the table for guests, who will listen to others remotely, to talk about access to healthcare, the crisis of democracies, being an immigrant, and protest as a way to transform.",10,2021
s9547,tv show,Hidden Villages,Desconocido,Penelope Keith,desconocido,2021-10-08,2016,all,2 Seasons,"documentary, special interest","In this series, renowned actress Dame Penelope Keith travels through Britain's charming villages to uncover why these places are so unique and special. Armed with her vintage 'Batsford' travel books, Penelope explores the rich artistic, literary and royal histories of each region, discovers how time has changed village communities, and seeks out local traditions which continue to this day.",10,2021
s9636,tv show,Pokémon the Series: Diamond and Pearl,Desconocido,Ikue Ohtani,desconocido,2021-10-10,2011,all,12 Seasons,"animation, kids","Ash, Dawn, and Brock continue to travel across the Sinnoh region, facing challenges, battles, and the antics of Team Rocket! With Team Galactic out of the way, Ash can now focus on qualifying for the Sinnoh League. Meanwhile, Dawn trains to compete for her final contest ribbon, which would allow her to compete in the Sinnoh Grand Festival!",10,2021
s9643,tv show,Lunkerville,Desconocido,Michael de Avila,desconocido,2021-10-10,2021,13+,2 Seasons,"documentary, special interest, sports","Lunkerville's launches ""Get Folks Fishing"", a social wellness initiative host Mike D hopes will inspire more people to add recreational fishing to their outdoor activities. Each episode is fun-packed with tips, tactics and interesting personalities and features real people with real fish stories. From bass fishing in NYC, to family fun fishing, to ice-fishing, there's something for everyone!",10,2021
s9648,tv show,Kids In The Hall,Desconocido,Desconocido,desconocido,2021-10-10,1995,tv-14,5 Seasons,"arts, entertainment, and culture, comedy","""The Kids in the Hall"" is a unique and bizarre sketch comedy series that incites humor through an intellectual lens of comedic creativity and character driven sketches. The series brings to life the collision of art and comedy with an uncanny resemblance of current day realities and the human condition.",10,2021
